{
    "name": "root",
    "metadata": {
        "timer_format_version": "0.1.0",
        "start_time_seconds": "1762607622",
        "python_version": "3.10.12 | packaged by Anaconda, Inc. | (main, Jul  5 2023, 19:01:18) [MSC v.1916 64 bit (AMD64)]",
        "command_line_arguments": "C:\\Users\\musap\\miniconda3\\envs\\mlagents\\Scripts\\mlagents-learn --run-id=turtle1 --resume",
        "mlagents_version": "1.2.0.dev0",
        "mlagents_envs_version": "1.2.0.dev0",
        "communication_protocol_version": "1.5.0",
        "pytorch_version": "2.2.2+cu121",
        "numpy_version": "1.23.5",
        "end_time_seconds": "1762607893"
    },
    "total": 271.7007655999623,
    "count": 1,
    "self": 0.015435699955560267,
    "children": {
        "run_training.setup": {
            "total": 0.02472830004990101,
            "count": 1,
            "self": 0.02472830004990101
        },
        "TrainerController.start_learning": {
            "total": 271.66060159995686,
            "count": 1,
            "self": 0.3666643995093182,
            "children": {
                "TrainerController._reset_env": {
                    "total": 8.48104720003903,
                    "count": 1,
                    "self": 8.48104720003903
                },
                "TrainerController.advance": {
                    "total": 262.562314400333,
                    "count": 10469,
                    "self": 0.3570651044137776,
                    "children": {
                        "env_step": {
                            "total": 255.3166909053689,
                            "count": 10469,
                            "self": 181.87848291464616,
                            "children": {
                                "SubprocessEnvManager._take_step": {
                                    "total": 73.21188649744727,
                                    "count": 10469,
                                    "self": 1.030395496985875,
                                    "children": {
                                        "TorchPolicy.evaluate": {
                                            "total": 72.18149100046139,
                                            "count": 10457,
                                            "self": 72.18149100046139
                                        }
                                    }
                                },
                                "workers": {
                                    "total": 0.22632149327546358,
                                    "count": 10468,
                                    "self": 0.0,
                                    "children": {
                                        "worker_root": {
                                            "total": 201.1546909008175,
                                            "count": 10468,
                                            "is_parallel": true,
                                            "self": 99.02908660133835,
                                            "children": {
                                                "steps_from_proto": {
                                                    "total": 0.0005287999520078301,
                                                    "count": 1,
                                                    "is_parallel": true,
                                                    "self": 0.0003906999481841922,
                                                    "children": {
                                                        "_process_rank_one_or_two_observation": {
                                                            "total": 0.00013810000382363796,
                                                            "count": 2,
                                                            "is_parallel": true,
                                                            "self": 0.00013810000382363796
                                                        }
                                                    }
                                                },
                                                "UnityEnvironment.step": {
                                                    "total": 102.12507549952716,
                                                    "count": 10468,
                                                    "is_parallel": true,
                                                    "self": 1.2959816943621263,
                                                    "children": {
                                                        "UnityEnvironment._generate_step_input": {
                                                            "total": 1.1707553050946444,
                                                            "count": 10468,
                                                            "is_parallel": true,
                                                            "self": 1.1707553050946444
                                                        },
                                                        "communicator.exchange": {
                                                            "total": 95.43555979966186,
                                                            "count": 10468,
                                                            "is_parallel": true,
                                                            "self": 95.43555979966186
                                                        },
                                                        "steps_from_proto": {
                                                            "total": 4.222778700408526,
                                                            "count": 10468,
                                                            "is_parallel": true,
                                                            "self": 2.747751901508309,
                                                            "children": {
                                                                "_process_rank_one_or_two_observation": {
                                                                    "total": 1.4750267989002168,
                                                                    "count": 20936,
                                                                    "is_parallel": true,
                                                                    "self": 1.4750267989002168
                                                                }
                                                            }
                                                        }
                                                    }
                                                }
                                            }
                                        }
                                    }
                                }
                            }
                        },
                        "trainer_advance": {
                            "total": 6.888558390550315,
                            "count": 10468,
                            "self": 0.4033957866486162,
                            "children": {
                                "process_trajectory": {
                                    "total": 1.8990762039320543,
                                    "count": 10468,
                                    "self": 1.8990762039320543
                                },
                                "_update_policy": {
                                    "total": 4.586086399969645,
                                    "count": 1,
                                    "self": 2.9872158999787644,
                                    "children": {
                                        "TorchPPOOptimizer.update": {
                                            "total": 1.5988704999908805,
                                            "count": 30,